links,company_name,domain
https://www.honeywell.com/dz/en,Honeywell,honeywell.com
https://www.honeywell.com/ao/en,Honeywell,honeywell.com
https://www.honeywell.com/ke/en,Honeywell,honeywell.com
https://www.honeywell.com/ma/fr,Honeywell,honeywell.com
https://www.honeywell.com/ng/en,Honeywell,honeywell.com
https://www.honeywell.com/za/en,Honeywell,honeywell.com
https://www.honeywell.com/tn/fr,Honeywell,honeywell.com
https://www.honeywell.com/au/en,Honeywell,honeywell.com
https://www.honeywell.com/in/en,Honeywell,honeywell.com
https://www.honeywell.com/id/id,Honeywell,honeywell.com
https://www.honeywell.com/jp/ja,Honeywell,honeywell.com
https://www.honeywell.com/my/en,Honeywell,honeywell.com
https://www.honeywell.com/kr/ko,Honeywell,honeywell.com
https://www.honeywell.com/ph/en,Honeywell,honeywell.com
https://www.honeywell.com/th/en,Honeywell,honeywell.com
https://www.honeywell.com/vn/vi,Honeywell,honeywell.com
https://www.honeywell.com/at/de,Honeywell,honeywell.com
https://www.honeywell.com/be/fr,Honeywell,honeywell.com
https://www.honeywell.com/be/nl,Honeywell,honeywell.com
https://www.honeywell.com/bg/bg,Honeywell,honeywell.com
https://www.honeywell.com/cz/en,Honeywell,honeywell.com
https://www.honeywell.com/dk/da,Honeywell,honeywell.com
https://www.honeywell.com/fi/fi,Honeywell,honeywell.com
https://www.honeywell.com/fr/fr,Honeywell,honeywell.com
https://www.honeywell.com/de/de,Honeywell,honeywell.com
https://www.honeywell.com/hu/hu,Honeywell,honeywell.com
https://www.honeywell.com/it/it,Honeywell,honeywell.com
https://www.honeywell.com/be/nl,Honeywell,honeywell.com
https://www.honeywell.com/no/nb,Honeywell,honeywell.com
https://www.honeywell.com/pl/pl,Honeywell,honeywell.com
https://www.honeywell.com/ro/en,Honeywell,honeywell.com
https://www.honeywell.com/sk/sk,Honeywell,honeywell.com
https://www.honeywell.com/ch/fr,Honeywell,honeywell.com
https://www.honeywell.com/ch/de,Honeywell,honeywell.com
https://www.honeywell.com/tr/tr,Honeywell,honeywell.com
https://www.honeywell.com/gb/en,Honeywell,honeywell.com
https://www.honeywell.com/br/pt,Honeywell,honeywell.com
https://www.honeywell.com/mx/es,Honeywell,honeywell.com
https://www.honeywell.com/eg/en,Honeywell,honeywell.com
https://www.honeywell.com/ae/en,Honeywell,honeywell.com
https://www.honeywell.com/ae/en,Honeywell,honeywell.com
https://www.honeywell.com/ae/en,Honeywell,honeywell.com
https://www.honeywell.com/ae/en,Honeywell,honeywell.com
https://www.honeywell.com/sa/ar,Honeywell,honeywell.com
https://www.honeywell.com/sa/en,Honeywell,honeywell.com
https://www.honeywell.com/ae/ar,Honeywell,honeywell.com
https://www.honeywell.com/ae/en,Honeywell,honeywell.com
https://www.honeywell.com/ca/en,Honeywell,honeywell.com
https://www.honeywell.com/ca/fr,Honeywell,honeywell.com
https://www.honeywell.com/us/en,Honeywell,honeywell.com
https://www.honeywell.com/us/en/contact,Honeywell,honeywell.com
https://www.honeywell.com/us/en/industries/overview,Honeywell,honeywell.com
https://www.honeywell.com/us/en/industries/products,Honeywell,honeywell.com
https://www.honeywell.com/us/en/industries/aerospace,Honeywell,honeywell.com
https://www.honeywell.com/us/en/industries/buildings-cities,Honeywell,honeywell.com
https://www.honeywell.com/us/en/industries/energy,Honeywell,honeywell.com
https://www.honeywell.com/us/en/industries/healthcare,Honeywell,honeywell.com
https://www.honeywell.com/us/en/industries/high-tech,Honeywell,honeywell.com
https://www.honeywell.com/us/en/industries/life-sciences,Honeywell,honeywell.com
https://www.honeywell.com/us/en/industries/supply-chain,Honeywell,honeywell.com
https://www.honeywell.com/us/en/industries/manufacturing,Honeywell,honeywell.com
https://www.honeywell.com/us/en/industries/retail,Honeywell,honeywell.com
https://www.honeywell.com/us/en/industries/utilities,Honeywell,honeywell.com
https://www.honeywell.com/us/en/company/about-us,Honeywell,honeywell.com
https://www.honeywell.com/us/en/company/investor-relations,Honeywell,honeywell.com
https://www.honeywell.com/us/en/company/quantum,Honeywell,honeywell.com
https://www.honeywell.com/us/en/company/sustainability,Honeywell,honeywell.com
https://www.honeywell.com/us/en/company/ventures,Honeywell,honeywell.com
https://www.honeywell.com/us/en/company/our-history,Honeywell,honeywell.com
https://www.honeywell.com/us/en/press,Honeywell,honeywell.com
https://www.honeywell.com/us/en/news,Honeywell,honeywell.com
https://www.honeywell.com/us/en/podcast,Honeywell,honeywell.com
https://www.honeywell.com/dz/en,Honeywell,honeywell.com
https://www.honeywell.com/ao/en,Honeywell,honeywell.com
https://www.honeywell.com/ke/en,Honeywell,honeywell.com
https://www.honeywell.com/ma/fr,Honeywell,honeywell.com
https://www.honeywell.com/ng/en,Honeywell,honeywell.com
https://www.honeywell.com/za/en,Honeywell,honeywell.com
https://www.honeywell.com/tn/fr,Honeywell,honeywell.com
https://www.honeywell.com/au/en,Honeywell,honeywell.com
https://www.honeywell.com/in/en,Honeywell,honeywell.com
https://www.honeywell.com/id/id,Honeywell,honeywell.com
https://www.honeywell.com/jp/ja,Honeywell,honeywell.com
https://www.honeywell.com/my/en,Honeywell,honeywell.com
https://www.honeywell.com/kr/ko,Honeywell,honeywell.com
https://www.honeywell.com/ph/en,Honeywell,honeywell.com
https://www.honeywell.com/th/en,Honeywell,honeywell.com
https://www.honeywell.com/vn/vi,Honeywell,honeywell.com
https://www.honeywell.com/at/de,Honeywell,honeywell.com
https://www.honeywell.com/be/fr,Honeywell,honeywell.com
https://www.honeywell.com/be/nl,Honeywell,honeywell.com
https://www.honeywell.com/bg/bg,Honeywell,honeywell.com
https://www.honeywell.com/cz/en,Honeywell,honeywell.com
https://www.honeywell.com/dk/da,Honeywell,honeywell.com
https://www.honeywell.com/fi/fi,Honeywell,honeywell.com
https://www.honeywell.com/fr/fr,Honeywell,honeywell.com
https://www.honeywell.com/de/de,Honeywell,honeywell.com
https://www.honeywell.com/hu/hu,Honeywell,honeywell.com
https://www.honeywell.com/it/it,Honeywell,honeywell.com
https://www.honeywell.com/be/nl,Honeywell,honeywell.com
https://www.honeywell.com/no/nb,Honeywell,honeywell.com
https://www.honeywell.com/pl/pl,Honeywell,honeywell.com
https://www.honeywell.com/ro/en,Honeywell,honeywell.com
https://www.honeywell.com/sk/sk,Honeywell,honeywell.com
https://www.honeywell.com/ch/fr,Honeywell,honeywell.com
https://www.honeywell.com/ch/de,Honeywell,honeywell.com
https://www.honeywell.com/tr/tr,Honeywell,honeywell.com
https://www.honeywell.com/gb/en,Honeywell,honeywell.com
https://www.honeywell.com/br/pt,Honeywell,honeywell.com
https://www.honeywell.com/mx/es,Honeywell,honeywell.com
https://www.honeywell.com/eg/en,Honeywell,honeywell.com
https://www.honeywell.com/ae/en,Honeywell,honeywell.com
https://www.honeywell.com/ae/en,Honeywell,honeywell.com
https://www.honeywell.com/ae/en,Honeywell,honeywell.com
https://www.honeywell.com/ae/en,Honeywell,honeywell.com
https://www.honeywell.com/sa/ar,Honeywell,honeywell.com
https://www.honeywell.com/sa/en,Honeywell,honeywell.com
https://www.honeywell.com/ae/ar,Honeywell,honeywell.com
https://www.honeywell.com/ae/en,Honeywell,honeywell.com
https://www.honeywell.com/ca/en,Honeywell,honeywell.com
https://www.honeywell.com/ca/fr,Honeywell,honeywell.com
https://www.honeywell.com/us/en,Honeywell,honeywell.com
https://www.honeywell.com/us/en/contact,Honeywell,honeywell.com
https://www.honeywell.com/us/en/automation,Honeywell,honeywell.com
https://www.honeywell.com/us/en/future-of-aviation,Honeywell,honeywell.com
https://www.honeywell.com/us/en/energy-transition,Honeywell,honeywell.com
https://www.honeywell.com/us/en/ai/research,Honeywell,honeywell.com
https://www.honeywell.com/us/en/ai/research,Honeywell,honeywell.com
https://www.honeywell.com/us/en/ai/research,Honeywell,honeywell.com
https://www.honeywell.com/us/en/podcast,Honeywell,honeywell.com
https://www.honeywell.com/us/en/podcast,Honeywell,honeywell.com
https://www.honeywell.com/us/en/podcast,Honeywell,honeywell.com
https://www.honeywell.com/us/en/company/our-history,Honeywell,honeywell.com
https://www.honeywell.com/us/en/company/our-history,Honeywell,honeywell.com
https://www.honeywell.com/us/en/company/our-history,Honeywell,honeywell.com
https://www.honeywell.com/us/en/news/2024/09/meet-an-engineer-whose-work-helps-power-the-semiconductory-industry,Honeywell,honeywell.com
https://www.honeywell.com/us/en/news/2024/09/meet-an-engineer-whose-work-helps-power-the-semiconductory-industry,Honeywell,honeywell.com
https://www.honeywell.com/us/en/news/2024/07/interns-get-inspired-by-automation-the-future-of-aviation-and-energy-transition,Honeywell,honeywell.com
https://www.honeywell.com/us/en/news/2024/07/interns-get-inspired-by-automation-the-future-of-aviation-and-energy-transition,Honeywell,honeywell.com
https://www.honeywell.com/us/en/news/2024/06/semiconductors-how-we-enable-the-tech-powering-everyday-life,Honeywell,honeywell.com
https://www.honeywell.com/us/en/news/2024/06/semiconductors-how-we-enable-the-tech-powering-everyday-life,Honeywell,honeywell.com
https://www.honeywell.com/us/en/news/2024/06/a-day-in-the-life-in-a-smart-office,Honeywell,honeywell.com
https://www.honeywell.com/us/en/news/2024/06/a-day-in-the-life-in-a-smart-office,Honeywell,honeywell.com
https://www.honeywell.com/us/en/news/2024/04/how-trash-and-food-waste-could-help-power-planes,Honeywell,honeywell.com
https://www.honeywell.com/us/en/news/2024/04/how-trash-and-food-waste-could-help-power-planes,Honeywell,honeywell.com
https://www.honeywell.com/us/en/news/2024/04/cybersecurity-in-2024-usb-devices-continue-to-pose-major-threat,Honeywell,honeywell.com
https://www.honeywell.com/us/en/news/2024/04/cybersecurity-in-2024-usb-devices-continue-to-pose-major-threat,Honeywell,honeywell.com
https://www.honeywell.com/us/en/news,Honeywell,honeywell.com
https://www.honeywell.com/us/en/industries/aerospace,Honeywell,honeywell.com
https://www.honeywell.com/us/en/industries/buildings-cities,Honeywell,honeywell.com
https://www.honeywell.com/us/en/industries/energy,Honeywell,honeywell.com
https://www.honeywell.com/us/en/industries/healthcare,Honeywell,honeywell.com
https://www.honeywell.com/us/en/industries/high-tech,Honeywell,honeywell.com
https://www.honeywell.com/us/en/industries/life-sciences,Honeywell,honeywell.com
https://www.honeywell.com/us/en/industries/supply-chain,Honeywell,honeywell.com
https://www.honeywell.com/us/en/industries/manufacturing,Honeywell,honeywell.com
https://www.honeywell.com/us/en/industries/retail,Honeywell,honeywell.com
https://www.honeywell.com/us/en/industries/utilities,Honeywell,honeywell.com
https://www.honeywell.com/us/en/industries/aerospace,Honeywell,honeywell.com
https://www.honeywell.com/us/en/industries/buildings-cities,Honeywell,honeywell.com
https://www.honeywell.com/us/en/industries/energy,Honeywell,honeywell.com
https://www.honeywell.com/us/en/industries/healthcare,Honeywell,honeywell.com
https://www.honeywell.com/us/en/industries/high-tech,Honeywell,honeywell.com
https://www.honeywell.com/us/en/industries/life-sciences,Honeywell,honeywell.com
https://www.honeywell.com/us/en/industries/supply-chain,Honeywell,honeywell.com
https://www.honeywell.com/us/en/industries/manufacturing,Honeywell,honeywell.com
https://www.honeywell.com/us/en/industries/retail,Honeywell,honeywell.com
https://www.honeywell.com/us/en/industries/utilities,Honeywell,honeywell.com
https://www.honeywell.com/us/en/company/sustainability/future-of-travel,Honeywell,honeywell.com
https://www.honeywell.com/us/en/company/sustainability/future-of-travel,Honeywell,honeywell.com
https://www.honeywell.com/us/en/solutions/emission-reduction,Honeywell,honeywell.com
https://www.honeywell.com/us/en/solutions/emission-reduction,Honeywell,honeywell.com
https://www.honeywell.com/us/en/company/sustainability/sustainable-buildings,Honeywell,honeywell.com
https://www.honeywell.com/us/en/company/sustainability/sustainable-buildings,Honeywell,honeywell.com
https://www.honeywell.com/us/en/contact/support,Honeywell,honeywell.com
https://www.honeywell.com/us/en/contact/business-inquiries,Honeywell,honeywell.com
https://www.honeywell.com/us/en/industries/products,Honeywell,honeywell.com
https://www.honeywell.com/us/en/company/quantum,Honeywell,honeywell.com
https://www.honeywell.com/us/en/industries/aerospace,Honeywell,honeywell.com
https://www.honeywell.com/us/en/industries/buildings-cities,Honeywell,honeywell.com
https://www.honeywell.com/us/en/industries/energy,Honeywell,honeywell.com
https://www.honeywell.com/us/en/industries/healthcare,Honeywell,honeywell.com
https://www.honeywell.com/us/en/industries/high-tech,Honeywell,honeywell.com
https://www.honeywell.com/us/en/industries/life-sciences,Honeywell,honeywell.com
https://www.honeywell.com/us/en/industries/supply-chain,Honeywell,honeywell.com
https://www.honeywell.com/us/en/industries/manufacturing,Honeywell,honeywell.com
https://www.honeywell.com/us/en/industries/retail,Honeywell,honeywell.com
https://www.honeywell.com/us/en/industries/utilities,Honeywell,honeywell.com
https://www.honeywell.com/us/en/company/about-us,Honeywell,honeywell.com
https://www.honeywell.com/us/en/company/our-history,Honeywell,honeywell.com
https://www.honeywell.com/us/en/company/investor-relations,Honeywell,honeywell.com
https://www.honeywell.com/us/en/company/leadership,Honeywell,honeywell.com
https://www.honeywell.com/us/en/company/inclusion-and-diversity,Honeywell,honeywell.com
https://www.honeywell.com/us/en/company/inclusion-and-diversity/accessibility,Honeywell,honeywell.com
https://www.honeywell.com/us/en/news,Honeywell,honeywell.com
https://www.honeywell.com/us/en/press,Honeywell,honeywell.com
https://www.honeywell.com/us/en/careers,Honeywell,honeywell.com
https://www.honeywell.com/us/en/contact/support,Honeywell,honeywell.com
https://www.honeywell.com/us/en/contact/business-inquiries,Honeywell,honeywell.com
https://www.honeywell.com/us/en/employee-access,Honeywell,honeywell.com
https://www.honeywell.com/us/en/terms-and-conditions,Honeywell,honeywell.com
https://www.honeywell.com/us/en/privacy-statement,Honeywell,honeywell.com
